{
  "train_mae": 3.7299374688267832,
  "test_mae": 4.337737236077169,
  "train_rmse": 4.623302794097775,
  "test_rmse": 5.36427594548858,
  "train_r2": 0.34589720830194703,
  "test_r2": 0.2287896119533026
}